label,probability
12,0.04364198446273804
14,0.04364198446273804
18,0.04370013624429703
20,0.04685405641794205
22,0.04380709305405617
23,0.04364597052335739
25,0.043650072067976
27,0.04365226998925209
28,0.13866209983825684
30,0.043790776282548904
32,0.043790776282548904
35,0.04364500194787979
37,0.04369823634624481
38,0.05320480838418007
42,0.0436595194041729
45,0.04935607686638832
48,0.0436595194041729
50,0.04675569757819176
55,0.05026490241289139
65,0.04691900685429573